Tiempo_s,Phi_rel_deg,Phi_raw_deg,AX_g,AY_g,AZ_g,A0_V,A2_V,Theta0_raw,Theta0_filtrado,DXL_Corriente_mA,DXL_Corriente_abs_mA,DXL_Posicion_pulsos,DXL_Posicion_deg,DXL_Goal_Position_deg,Pulsos_Objetivo,Edad_dato_Arduino_s,Tau_calculado_Nmm,Corriente_calculada_mA,Test_ID,Motivo_detencion
0.000312524,-18.2117495184445,0,0.2617,-0.0281,1.0464,2.986,2.004,0.730892567655518,0.730892567655518,-121,121,1901,167.080078125,127.08984375,0,0.000312524,-12.4767215608242,123.933285599283,Giro_Off_intento5_180deg_2000_pulsos_Mu_2.20,TIEMPO_MAXIMO
0.060760993,-7.04074951844453,11.171,0.5281,-0.0903,1.0876,2.869,2.077,0.96071424345336,0.788347986604978,-124,124,1901,167.080078125,127.08984375,255,0,-5.820726009854,129.721107817518,Giro_Off_intento5_180deg_2000_pulsos_Mu_2.20,TIEMPO_MAXIMO
0.112651765,-6.32974951844453,11.882,0.5166,-0.0198,1.0103,2.869,2.077,0.96071424345336,0.831439550817074,-130,130,1901,167.080078125,127.08984375,255,0,-4.8293994849652,130.583130882639,Giro_Off_intento5_180deg_2000_pulsos_Mu_2.20,TIEMPO_MAXIMO
0.167310447,-5.28474951844453,12.927,0.5103,-0.0034,1.0083,2.864,2.077,0.970535682590021,0.866213583760311,-131,131,1901,167.080078125,127.08984375,255,0,-3.3758313449026,131.847103178346,Giro_Off_intento5_180deg_2000_pulsos_Mu_2.20,TIEMPO_MAXIMO
0.215342958,-4.4407495184445,13.771,0.511,-0.0186,0.9917,2.869,2.072,0.96071424345336,0.889838748683573,-132,132,1901,167.080078125,127.08984375,255,0,-2.2051346977507,132.865100262825,Giro_Off_intento5_180deg_2000_pulsos_Mu_2.20,TIEMPO_MAXIMO
0.263339564,-3.8167495184445,14.395,0.5054,-0.0232,0.9949,2.874,2.077,0.9508928043167,0.905102262591855,-133,133,1901,167.080078125,127.08984375,255,0,-1.3416459160773,133.615960072976,Giro_Off_intento5_180deg_2000_pulsos_Mu_2.20,TIEMPO_MAXIMO
0.311212953,-3.2957495184445,14.916,0.5291,-0.0046,1.0034,2.869,2.077,0.96071424345336,0.919005257807231,-134,134,1901,167.080078125,127.08984375,255,0,-0.6221065133433,134.241646510136,Giro_Off_intento5_180deg_2000_pulsos_Mu_2.20,TIEMPO_MAXIMO
0.359225859,-2.6927495184445,15.519,0.5259,-0.0112,0.9985,2.869,2.082,0.96071424345336,0.929432504218763,-135,135,1901,167.080078125,127.08984375,255,0,0.2089863546927,134.964335960602,Giro_Off_intento5_180deg_2000_pulsos_Mu_2.20,TIEMPO_MAXIMO
0.407304587,-2.2007495184445,16.011,0.5522,-0.0105,0.9836,2.864,2.072,0.970535682590021,0.939708298811578,-135,135,1901,167.080078125,127.08984375,255,0,0.8856840892891,135.552768773295,Giro_Off_intento5_180deg_2000_pulsos_Mu_2.20,TIEMPO_MAXIMO
0.455172411,-1.8307495184445,16.381,0.5627,0.0015,0.9836,2.869,2.072,0.96071424345336,0.944959784972023,-136,136,1901,167.080078125,127.08984375,255,0,1.3937166719701,135.994536236496,Giro_Off_intento5_180deg_2000_pulsos_Mu_2.20,TIEMPO_MAXIMO
0.503172139,-1.4507495184445,16.761,0.5728,-0.0076,0.9709,2.869,2.077,0.96071424345336,0.948898399592358,-136,136,1901,167.080078125,127.08984375,255,0,1.9146812351943,136.447548900169,Giro_Off_intento5_180deg_2000_pulsos_Mu_2.20,TIEMPO_MAXIMO
0.55119112,-1.0067495184445,17.205,0.5684,-0.0239,0.9573,2.869,2.077,0.96071424345336,0.951852360557608,-136,136,1901,167.080078125,127.08984375,255,0,2.5223315908926,136.97594051382,Giro_Off_intento5_180deg_2000_pulsos_Mu_2.20,TIEMPO_MAXIMO
0.59913076,-0.8147495184445,17.397,0.595,-0.0042,0.9478,2.869,2.082,0.96071424345336,0.954067831281546,-137,137,1901,167.080078125,127.08984375,255,0,2.7847383593212,137.204120312453,Giro_Off_intento5_180deg_2000_pulsos_Mu_2.20,TIEMPO_MAXIMO
0.647531583,-0.3277495184445,17.884,0.6304,-0.0078,0.9495,2.869,2.077,0.96071424345336,0.9557294343245,-137,137,1901,167.080078125,127.08984375,255,0,3.4493189866431,137.782016510124,Giro_Off_intento5_180deg_2000_pulsos_Mu_2.20,TIEMPO_MAXIMO
0.695246265,0.4582504815555,18.67,0.6326,-0.0242,0.9363,2.864,2.082,0.970535682590021,0.95943099639088,-137,137,1901,167.080078125,127.08984375,255,0,4.5187904789843,138.711991720856,Giro_Off_intento5_180deg_2000_pulsos_Mu_2.20,TIEMPO_MAXIMO
0.743276544,1.1352504815555,19.347,0.6296,-0.0127,0.9307,2.869,2.077,0.96071424345336,0.9597518081565,-140,140,1901,167.080078125,127.08984375,255,0,5.4367123254063,139.510184630788,Giro_Off_intento5_180deg_2000_pulsos_Mu_2.20,TIEMPO_MAXIMO
0.791190665,1.8112504815555,20.023,0.6257,-0.0208,0.9309,2.869,2.077,0.96071424345336,0.959992416980715,-140,140,1901,167.080078125,127.08984375,255,0,6.3501528397584,140.304480730225,Giro_Off_intento5_180deg_2000_pulsos_Mu_2.20,TIEMPO_MAXIMO
0.839262455,2.1572504815555,20.369,0.6277,-0.0203,0.9285,2.864,2.077,0.970535682590021,0.962628233383041,-140,140,1901,167.080078125,127.08984375,255,0,6.8164334490622,140.709942129619,Giro_Off_intento5_180deg_2000_pulsos_Mu_2.20,TIEMPO_MAXIMO
0.887459251,2.3992504815555,20.611,0.6577,-0.0063,0.929,2.869,2.077,0.96071424345336,0.962149735900621,-141,141,1901,167.080078125,127.08984375,255,0,7.1420451903625,140.993082774228,Giro_Off_intento5_180deg_2000_pulsos_Mu_2.20,TIEMPO_MAXIMO
0.935184091,2.5042504815555,20.716,0.6421,-0.0154,0.9548,2.869,2.077,0.96071424345336,0.961790862788806,-141,141,1901,167.080078125,127.08984375,255,0,7.2831893798161,141.115816852014,Giro_Off_intento5_180deg_2000_pulsos_Mu_2.20,TIEMPO_MAXIMO
0.9832499,2.3532504815555,20.565,0.647,0.0132,0.9058,2.864,2.077,0.970535682590021,0.96397706773911,-141,141,1901,167.080078125,127.08984375,255,0,7.0801850243613,140.939291325532,Giro_Off_intento5_180deg_2000_pulsos_Mu_2.20,TIEMPO_MAXIMO
1.031317222,2.1172504815555,20.329,0.7327,0.001,0.8777,2.869,2.072,0.96071424345336,0.963161361667672,-141,141,1901,167.080078125,127.08984375,255,0,6.7625722531951,140.663106307126,Giro_Off_intento5_180deg_2000_pulsos_Mu_2.20,TIEMPO_MAXIMO
1.07915042,2.4542504815555,20.666,0.78,0.0051,0.8003,2.869,2.077,0.96071424345336,0.962549582114094,-142,142,1901,167.080078125,127.08984375,255,0,7.2159880029308,141.057380872114,Giro_Off_intento5_180deg_2000_pulsos_Mu_2.20,TIEMPO_MAXIMO
1.127225849,3.2652504815555,21.477,0.8154,0.0181,0.8142,2.864,2.072,0.970535682590021,0.964546107233076,-141,141,1901,167.080078125,127.08984375,255,0,8.3036817970778,142.003201562676,Giro_Off_intento5_180deg_2000_pulsos_Mu_2.20,TIEMPO_MAXIMO
1.175142356,4.3552504815555,22.567,0.7913,-0.0176,0.7744,2.864,2.072,0.970535682590021,0.966043501072312,-143,143,1901,167.080078125,127.08984375,255,0,9.7575388624349,143.267425097769,Giro_Off_intento5_180deg_2000_pulsos_Mu_2.20,TIEMPO_MAXIMO
1.22321512,5.7562504815555,23.968,0.8191,0.0193,0.7942,2.869,2.077,0.96071424345336,0.964711186667574,-145,145,1901,167.080078125,127.08984375,255,0,11.6119166356469,144.879927509258,Giro_Off_intento5_180deg_2000_pulsos_Mu_2.20,TIEMPO_MAXIMO
1.27110873,7.1802504815555,25.392,0.781,0.0112,0.7898,2.869,2.077,0.96071424345336,0.963711950864021,-146,146,1901,167.080078125,127.08984375,255,0,13.4792014051616,146.503653395793,Giro_Off_intento5_180deg_2000_pulsos_Mu_2.20,TIEMPO_MAXIMO
1.319122211,8.5072504815555,26.719,0.7961,0.0305,0.7727,2.874,2.072,0.9508928043167,0.960507164227191,-147,147,1901,167.080078125,127.08984375,255,0,15.2023679028854,148.002059045987,Giro_Off_intento5_180deg_2000_pulsos_Mu_2.20,TIEMPO_MAXIMO
1.367104593,9.7782504815555,27.99,0.7861,0.0232,0.7705,2.864,2.072,0.970535682590021,0.963014293817898,-148,148,1901,167.080078125,127.08984375,255,0,16.8366332125916,149.423159315297,Giro_Off_intento5_180deg_2000_pulsos_Mu_2.20,TIEMPO_MAXIMO
1.415147765,10.7582504815555,28.97,0.8167,0.0276,0.7759,2.869,2.072,0.96071424345336,0.962439281226764,-151,151,1901,167.080078125,127.08984375,255,0,18.0854009379987,150.509044293912,Giro_Off_intento5_180deg_2000_pulsos_Mu_2.20,TIEMPO_MAXIMO
1.463148684,12.0592504815555,30.271,0.7932,0.0205,0.7581,2.869,2.072,0.96071424345336,0.962008021783413,-152,152,1901,167.080078125,127.08984375,255,0,19.7272847917959,151.93676938417,Giro_Off_intento5_180deg_2000_pulsos_Mu_2.20,TIEMPO_MAXIMO
1.511143069,13.2062504815555,31.418,0.811,0.0149,0.7485,2.869,2.072,0.96071424345336,0.9616845772009,-152,152,1901,167.080078125,127.08984375,255,0,21.159139385319,153.18186033506,Giro_Off_intento5_180deg_2000_pulsos_Mu_2.20,TIEMPO_MAXIMO
1.559124864,14.2902504815555,32.502,0.8101,0.0244,0.7495,2.864,2.072,0.970535682590021,0.96389735354818,-153,153,1901,167.080078125,127.08984375,255,0,22.4983024459555,154.346349953005,Giro_Off_intento5_180deg_2000_pulsos_Mu_2.20,TIEMPO_MAXIMO
1.607193972,15.0752504815555,33.287,0.8081,0.0122,0.7632,2.874,2.077,0.9508928043167,0.96064621624031,-155,155,1901,167.080078125,127.08984375,255,0,23.4592850242715,155.181986977627,Giro_Off_intento5_180deg_2000_pulsos_Mu_2.20,TIEMPO_MAXIMO
1.655242898,16.0182504815555,34.23,0.824,0.0195,0.7456,2.869,2.072,0.96071424345336,0.960663223043573,-156,156,1901,167.080078125,127.08984375,255,0,24.6036310615345,156.177070488291,Giro_Off_intento5_180deg_2000_pulsos_Mu_2.20,TIEMPO_MAXIMO
1.703608969,16.8182504815555,35.03,0.7969,0.0271,0.7351,2.869,2.077,0.96071424345336,0.960675978146019,-156,156,1901,167.080078125,127.08984375,255,0,25.5656208925764,157.013583384849,Giro_Off_intento5_180deg_2000_pulsos_Mu_2.20,TIEMPO_MAXIMO
1.751232613,17.4682504815555,35.68,0.8474,0.0151,0.7317,2.869,2.077,0.96071424345336,0.960685544472855,-157,157,1901,167.080078125,127.08984375,255,0,26.3411359725663,157.687944323971,Giro_Off_intento5_180deg_2000_pulsos_Mu_2.20,TIEMPO_MAXIMO
1.799207302,18.0702504815555,36.282,0.8225,0.0254,0.7363,2.864,2.077,0.970535682590021,0.963148079002146,-158,158,1901,167.080078125,127.08984375,255,0,27.0544091045603,158.308181830052,Giro_Off_intento5_180deg_2000_pulsos_Mu_2.20,TIEMPO_MAXIMO
1.847092521,18.3592504815555,36.571,0.7996,0.0259,0.7083,2.869,2.072,0.96071424345336,0.96253962011495,-159,159,1901,167.080078125,127.08984375,255,0,27.3951046602902,158.604438835035,Giro_Off_intento5_180deg_2000_pulsos_Mu_2.20,TIEMPO_MAXIMO
1.895126395,18.3442504815555,36.556,0.8313,0.0195,0.7075,2.869,2.077,0.96071424345336,0.962083275949552,-159,159,1901,167.080078125,127.08984375,255,0,27.3774492160776,158.58908627485,Giro_Off_intento5_180deg_2000_pulsos_Mu_2.20,TIEMPO_MAXIMO
1.943103132,18.1992504815555,36.411,0.8367,0.0359,0.7009,2.859,2.077,0.980357121726681,0.966651737393834,-159,159,1901,167.080078125,127.08984375,255,0,27.2066232918709,158.440541992931,Giro_Off_intento5_180deg_2000_pulsos_Mu_2.20,TIEMPO_MAXIMO
1.991371324,18.0802504815555,36.292,0.8665,0.0134,0.6155,2.874,2.077,0.9508928043167,0.962712004124551,-158,158,1901,167.080078125,127.08984375,255,0,27.0662166486225,158.318449259672,Giro_Off_intento5_180deg_2000_pulsos_Mu_2.20,TIEMPO_MAXIMO
2.039031457,17.8692504815555,36.081,0.8625,-0.0078,0.6204,2.869,2.072,0.96071424345336,0.962212563956753,-157,157,1901,167.080078125,127.08984375,255,0,26.8167933825072,158.10155946305,Giro_Off_intento5_180deg_2000_pulsos_Mu_2.20,TIEMPO_MAXIMO
2.087149939,17.4282504815555,35.64,0.8933,-0.0149,0.6042,2.869,2.072,0.96071424345336,0.961837983830905,-158,158,1901,167.080078125,127.08984375,255,0,26.2935720197189,157.646584364973,Giro_Off_intento5_180deg_2000_pulsos_Mu_2.20,TIEMPO_MAXIMO
2.135150624,17.3062504815555,35.518,0.9929,0.001,0.5647,2.864,2.072,0.970535682590021,0.964012408520684,-158,158,1901,167.080078125,127.08984375,255,0,26.1483717378522,157.520323250306,Giro_Off_intento5_180deg_2000_pulsos_Mu_2.20,TIEMPO_MAXIMO
2.183387204,18.2532504815555,36.465,0.9944,-0.0093,0.5371,2.864,2.077,0.970535682590021,0.965643227038018,-158,158,1901,167.080078125,127.08984375,255,0,27.2702743670026,158.495890753915,Giro_Off_intento5_180deg_2000_pulsos_Mu_2.20,TIEMPO_MAXIMO
2.23112851,19.7332504815555,37.945,0.9543,-0.0115,0.5427,2.869,2.072,0.96071424345336,0.964410981141854,-158,158,1901,167.080078125,127.08984375,255,0,28.9992842648526,159.999377621611,Giro_Off_intento5_180deg_2000_pulsos_Mu_2.20,TIEMPO_MAXIMO
2.279083357,20.8502504815555,39.062,0.9546,-0.0229,0.5195,2.869,2.077,0.96071424345336,0.96348679671973,-161,161,1901,167.080078125,127.08984375,255,0,30.28395864955,161.116485782217,Giro_Off_intento5_180deg_2000_pulsos_Mu_2.20,TIEMPO_MAXIMO
2.327242526,22.0632504815555,40.275,0.9473,-0.0129,0.511,2.869,2.072,0.96071424345336,0.962793658403138,-162,162,1901,167.080078125,127.08984375,255,0,31.6586744382253,162.311890815848,Giro_Off_intento5_180deg_2000_pulsos_Mu_2.20,TIEMPO_MAXIMO
2.375309079,23.0792504815555,41.291,0.9521,-0.0171,0.4937,2.869,2.072,0.96071424345336,0.962273804665693,-163,163,1901,167.080078125,127.08984375,255,0,32.7933686767188,163.298581458016,Giro_Off_intento5_180deg_2000_pulsos_Mu_2.20,TIEMPO_MAXIMO
2.42306155,24.0672504815555,42.279,0.9622,-0.0054,0.4858,2.869,2.077,0.96071424345336,0.96188391436261,-163,163,1901,167.080078125,127.08984375,255,0,33.8817794346827,164.245025595376,Giro_Off_intento5_180deg_2000_pulsos_Mu_2.20,TIEMPO_MAXIMO
2.471066739,24.8972504815555,43.109,0.9763,-0.0132,0.4336,2.864,2.072,0.970535682590021,0.964046856419463,-164,164,1901,167.080078125,127.08984375,255,0,34.7844522045888,165.029958438773,Giro_Off_intento5_180deg_2000_pulsos_Mu_2.20,TIEMPO_MAXIMO
2.519196765,25.4732504815555,43.685,1.0332,0.0232,0.4492,2.869,2.072,0.96071424345336,0.963213703177937,-166,166,1901,167.080078125,127.08984375,255,0,35.4045092185073,165.569138450876,Giro_Off_intento5_180deg_2000_pulsos_Mu_2.20,TIEMPO_MAXIMO
2.567567417,26.5752504815555,44.787,1.0007,-0.0178,0.4229,2.869,2.072,0.96071424345336,0.962588838246793,-167,167,1901,167.080078125,127.08984375,255,0,36.5759869228465,166.587814715519,Giro_Off_intento5_180deg_2000_pulsos_Mu_2.20,TIEMPO_MAXIMO
2.615057397,28.0092504815555,46.221,1.0107,-0.0181,0.3909,2.869,2.072,0.96071424345336,0.962120189548435,-167,167,1901,167.080078125,127.08984375,255,0,38.0706576891883,167.887528425381,Giro_Off_intento5_180deg_2000_pulsos_Mu_2.20,TIEMPO_MAXIMO
2.663038265,29.3282504815555,47.54,0.9978,0,0.3796,2.869,2.072,0.96071424345336,0.961768703024666,-168,168,1901,167.080078125,127.08984375,255,0,39.4150286409672,169.056546644319,Giro_Off_intento5_180deg_2000_pulsos_Mu_2.20,TIEMPO_MAXIMO
2.711256521,30.3482504815555,48.56,1.01,-0.0042,0.3623,2.869,2.072,0.96071424345336,0.961505088131839,-170,170,1901,167.080078125,127.08984375,255,0,40.4341857664091,169.94277023166,Giro_Off_intento5_180deg_2000_pulsos_Mu_2.20,TIEMPO_MAXIMO
2.759038799,31.4982504815555,49.71,0.9917,-0.0039,0.3523,2.874,2.082,0.9508928043167,0.958852017178055,-171,171,1901,167.080078125,127.08984375,255,0,41.5613898638433,170.92294770769,Giro_Off_intento5_180deg_2000_pulsos_Mu_2.20,TIEMPO_MAXIMO
2.807372246,32.5572504815555,50.769,0.9983,-0.0081,0.3318,2.869,2.072,0.96071424345336,0.959317573746881,-171,171,1901,167.080078125,127.08984375,255,0,42.5785434916859,171.807429123205,Giro_Off_intento5_180deg_2000_pulsos_Mu_2.20,TIEMPO_MAXIMO
2.85515379,33.3262504815555,51.538,1.0081,-0.0002,0.3208,2.874,2.077,0.9508928043167,0.957211381389336,-172,172,1901,167.080078125,127.08984375,255,0,43.3044203600673,172.438626400058,Giro_Off_intento5_180deg_2000_pulsos_Mu_2.20,TIEMPO_MAXIMO
2.903068144,34.1712504815555,52.383,1.0496,0.0203,0.3074,2.869,2.077,0.96071424345336,0.958087096905342,-172,172,1901,167.080078125,127.08984375,255,0,44.0895040364111,173.121307857749,Giro_Off_intento5_180deg_2000_pulsos_Mu_2.20,TIEMPO_MAXIMO
2.951012746,35.1492504815555,53.361,1.0615,0.0271,0.2908,2.869,2.077,0.96071424345336,0.958743883542347,-174,174,1901,167.080078125,127.08984375,255,0,44.9815574887804,173.897006511983,Giro_Off_intento5_180deg_2000_pulsos_Mu_2.20,TIEMPO_MAXIMO
2.999034877,36.7402504815555,54.952,1.0261,0.0173,0.2756,2.869,2.077,0.96071424345336,0.9592364735201,-175,175,1901,167.080078125,127.08984375,255,0,46.3940423345077,175.12525420392,Giro_Off_intento5_180deg_2000_pulsos_Mu_2.20,TIEMPO_MAXIMO
3.047038625,38.2992504815555,56.511,1.0298,0.0171,0.2664,2.869,2.072,0.96071424345336,0.959605916003415,-175,175,1901,167.080078125,127.08984375,255,0,47.7307110881498,176.287574859261,Giro_Off_intento5_180deg_2000_pulsos_Mu_2.20,TIEMPO_MAXIMO
3.095006765,39.7562504815555,57.968,1.0232,0.0139,0.2668,2.869,2.072,0.96071424345336,0.959882997865901,-176,176,1901,167.080078125,127.08984375,255,0,48.9366241342977,177.336194899389,Giro_Off_intento5_180deg_2000_pulsos_Mu_2.20,TIEMPO_MAXIMO
3.142998473,40.8202504815555,59.032,1.0264,0.0125,0.2461,2.864,2.072,0.970535682590021,0.962546169046931,-178,178,1901,167.080078125,127.08984375,255,0,49.790370094585,178.078582690944,Giro_Off_intento5_180deg_2000_pulsos_Mu_2.20,TIEMPO_MAXIMO
3.19101208,42.0342504815555,60.246,1.0317,0.0225,0.261,2.864,2.072,0.970535682590021,0.964543547432704,-179,179,1901,167.080078125,127.08984375,255,0,50.7363265724176,178.901153541233,Giro_Off_intento5_180deg_2000_pulsos_Mu_2.20,TIEMPO_MAXIMO
3.239024879,43.1742504815555,61.386,1.0337,0.0342,0.2417,2.869,2.077,0.96071424345336,0.963586221437868,-180,180,1901,167.080078125,127.08984375,255,0,51.5969446496036,179.649517086612,Giro_Off_intento5_180deg_2000_pulsos_Mu_2.20,TIEMPO_MAXIMO
3.287000095,44.1862504815555,62.398,1.01,0.0229,0.2283,2.869,2.077,0.96071424345336,0.962868226941741,-180,180,1901,167.080078125,127.08984375,255,0,52.3381894031031,180.294077741829,Giro_Off_intento5_180deg_2000_pulsos_Mu_2.20,TIEMPO_MAXIMO
3.335456505,45.0002504815555,63.212,1.0366,0.0249,0.2268,2.869,2.077,0.96071424345336,0.962329731069646,-180,180,1901,167.080078125,127.08984375,255,0,52.9187219295625,180.798888634402,Giro_Off_intento5_180deg_2000_pulsos_Mu_2.20,TIEMPO_MAXIMO
3.383038504,45.6652504815555,63.877,1.0422,0.0186,0.2419,2.869,2.072,0.96071424345336,0.961925859165574,-181,181,1901,167.080078125,127.08984375,255,0,53.3825214034914,181.202192524775,Giro_Off_intento5_180deg_2000_pulsos_Mu_2.20,TIEMPO_MAXIMO
3.430933644,46.4812504815555,64.693,1.03,0.0288,0.2187,2.869,2.077,0.96071424345336,0.961622955237521,-182,182,1901,167.080078125,127.08984375,255,0,53.9386736121071,181.685803140963,Giro_Off_intento5_180deg_2000_pulsos_Mu_2.20,TIEMPO_MAXIMO
3.479049031,47.2672504815555,65.479,1.0464,0.0305,0.2249,2.869,2.077,0.96071424345336,0.961395777291481,-182,182,1901,167.080078125,127.08984375,255,0,54.4607757384705,182.139804989974,Giro_Off_intento5_180deg_2000_pulsos_Mu_2.20,TIEMPO_MAXIMO
3.527014786,48.0892504815555,66.301,1.0308,0.0259,0.2087,2.874,2.082,0.9508928043167,0.958770034047786,-182,182,1901,167.080078125,127.08984375,255,0,54.9924032514229,182.602089783846,Giro_Off_intento5_180deg_2000_pulsos_Mu_2.20,TIEMPO_MAXIMO
3.574922144,48.6762504815555,66.888,1.0391,0.0317,0.2136,2.869,2.077,0.96071424345336,0.959256086399179,-183,183,1901,167.080078125,127.08984375,255,0,55.3629821904815,182.924332339549,Giro_Off_intento5_180deg_2000_pulsos_Mu_2.20,TIEMPO_MAXIMO
3.622981481,49.4812504815555,67.693,1.0476,0.0396,0.1968,2.874,2.077,0.9508928043167,0.95716526587856,-184,184,1901,167.080078125,127.08984375,255,0,55.8588288457386,183.355503344121,Giro_Off_intento5_180deg_2000_pulsos_Mu_2.20,TIEMPO_MAXIMO
3.671051711,50.3332504815555,68.545,1.0337,0.0234,0.196,2.874,2.077,0.9508928043167,0.955597150488095,-183,183,1901,167.080078125,127.08984375,255,0,56.3679573894509,183.798223816914,Giro_Off_intento5_180deg_2000_pulsos_Mu_2.20,TIEMPO_MAXIMO
3.718979051,51.1282504815555,69.34,1.0334,0.0222,0.1902,2.874,2.077,0.9508928043167,0.954421063945246,-184,184,1901,167.080078125,127.08984375,255,0,56.8283953949632,184.198604691272,Giro_Off_intento5_180deg_2000_pulsos_Mu_2.20,TIEMPO_MAXIMO
3.76708627,51.7482504815555,69.96,1.033,0.0269,0.1814,2.874,2.077,0.9508928043167,0.95353899903811,-184,184,1901,167.080078125,127.08984375,255,0,57.1776187163361,184.50227714464,Giro_Off_intento5_180deg_2000_pulsos_Mu_2.20,TIEMPO_MAXIMO
3.814967719,52.0972504815555,70.309,1.0356,0.0381,0.1873,2.879,2.077,0.941071365180041,0.950422090573593,-185,185,1901,167.080078125,127.08984375,255,0,57.3703795325658,184.669895245709,Giro_Off_intento5_180deg_2000_pulsos_Mu_2.20,TIEMPO_MAXIMO
3.86303675,52.4712504815555,70.683,0.9961,0.0117,0.166,2.879,2.072,0.941071365180041,0.948084409225205,-185,185,1901,167.080078125,127.08984375,255,0,57.5738853393522,184.846856816828,Giro_Off_intento5_180deg_2000_pulsos_Mu_2.20,TIEMPO_MAXIMO
3.911020933,52.3402504815555,70.552,1.0125,0.0342,0.1699,2.884,2.072,0.931249926043381,0.943875788429749,-185,185,1901,167.080078125,127.08984375,255,0,57.5029650183812,184.785186972505,Giro_Off_intento5_180deg_2000_pulsos_Mu_2.20,TIEMPO_MAXIMO
3.958950394,51.6942504815555,69.906,1.0081,0.0444,0.1309,2.884,2.072,0.931249926043381,0.940719322833157,-185,185,1901,167.080078125,127.08984375,255,0,57.1475472150425,184.47612801308,Giro_Off_intento5_180deg_2000_pulsos_Mu_2.20,TIEMPO_MAXIMO
4.006888458,50.3362504815555,68.548,0.8821,-0.1362,0.0232,2.908,2.072,0.884107018187413,0.926566246671721,-184,184,1901,167.080078125,127.08984375,255,0,56.3697214983384,183.799757824642,Giro_Off_intento5_180deg_2000_pulsos_Mu_2.20,TIEMPO_MAXIMO
4.054965072,48.9352504815555,67.147,1.1855,0.0068,0.0149,2.918,2.048,0.864464139914093,0.911040719982314,-184,184,1901,167.080078125,127.08984375,255,0,55.5240787949927,183.064416343472,Giro_Off_intento5_180deg_2000_pulsos_Mu_2.20,TIEMPO_MAXIMO
4.103008071,49.3192504815555,67.531,1.1211,-0.0247,-0.0374,2.933,2.028,0.834999822504114,0.892030495612764,-183,183,1901,167.080078125,127.08984375,255,0,55.7601963617996,183.269735966782,Giro_Off_intento5_180deg_2000_pulsos_Mu_2.20,TIEMPO_MAXIMO
4.151028542,50.8542504815555,69.066,1.083,-0.0083,-0.0271,2.928,2.023,0.844821261640773,0.880228187119766,-183,183,1901,167.080078125,127.08984375,255,0,56.6713043253621,184.062003761184,Giro_Off_intento5_180deg_2000_pulsos_Mu_2.20,TIEMPO_MAXIMO
4.198999506,52.9192504815555,71.131,1.019,-0.012,-0.0295,2.923,2.023,0.854642700777433,0.873831815534183,-184,184,1901,167.080078125,127.08984375,255,0,57.8134735278392,185.055194372034,Giro_Off_intento5_180deg_2000_pulsos_Mu_2.20,TIEMPO_MAXIMO
4.247628126,54.3632504815555,72.575,1.0149,-0.0122,-0.0291,2.928,2.023,0.844821261640773,0.866579177060831,-185,185,1901,167.080078125,127.08984375,255,0,58.5545147332914,185.699578028949,Giro_Off_intento5_180deg_2000_pulsos_Mu_2.20,TIEMPO_MAXIMO
4.295006729,55.8112504815555,74.023,1.031,-0.0078,-0.0298,2.928,2.023,0.844821261640773,0.861139698205816,-186,186,1901,167.080078125,127.08984375,255,0,59.2494213653457,186.303844665518,Giro_Off_intento5_180deg_2000_pulsos_Mu_2.20,TIEMPO_MAXIMO
4.343154044,57.1272504815555,75.339,1.0635,0.0142,-0.0786,2.942,2.023,0.817321232058125,0.850185081668894,-186,186,1901,167.080078125,127.08984375,255,0,59.8387504610279,186.81630474872,Giro_Off_intento5_180deg_2000_pulsos_Mu_2.20,TIEMPO_MAXIMO
4.391068079,57.8952504815555,76.107,0.9802,-0.0073,-0.0276,2.952,2.009,0.797678353784806,0.837058399697872,-187,187,1901,167.080078125,127.08984375,255,0,60.1639637895854,187.099098947466,Giro_Off_intento5_180deg_2000_pulsos_Mu_2.20,TIEMPO_MAXIMO
4.438927782,58.2362504815555,76.448,1.0286,-0.0095,-0.0527,2.972,2.004,0.758392597238166,0.817391949082945,-187,187,1901,167.080078125,127.08984375,255,0,60.3039208194873,187.220800712598,Giro_Off_intento5_180deg_2000_pulsos_Mu_2.20,TIEMPO_MAXIMO
4.486872563,58.5522504815555,76.764,1.0208,-0.0083,-0.1174,2.991,1.999,0.721071128518858,0.793311743941923,-187,187,1901,167.080078125,127.08984375,255,0,60.4311727476527,187.331454563176,Giro_Off_intento5_180deg_2000_pulsos_Mu_2.20,TIEMPO_MAXIMO
4.534941324,58.8112504815555,77.023,1.0422,-0.0012,-0.1099,3.03,1.984,0.644463903252911,0.75609978376967,-187,187,1901,167.080078125,127.08984375,255,0,60.5337148426151,187.420621602274,Giro_Off_intento5_180deg_2000_pulsos_Mu_2.20,TIEMPO_MAXIMO
4.582993971,59.4652504815555,77.677,1.0361,-0.0063,-0.1348,3.055,1.965,0.595356707569611,0.715914014719655,-187,187,1901,167.080078125,127.08984375,255,0,60.785587670979,187.639641453025,Giro_Off_intento5_180deg_2000_pulsos_Mu_2.20,TIEMPO_MAXIMO
4.630970787,60.5652504815555,78.777,1.0205,0.002,-0.1233,3.069,1.955,0.567856677986963,0.678899680536482,-188,188,1901,167.080078125,127.08984375,255,0,61.1863526138086,187.98813270766,Giro_Off_intento5_180deg_2000_pulsos_Mu_2.20,TIEMPO_MAXIMO
4.679015645,61.5872504815555,79.799,1.0308,-0.0029,-0.1638,3.079,1.945,0.548213799713643,0.646228210330772,-188,188,1901,167.080078125,127.08984375,255,0,61.5328777442585,188.289458908051,Giro_Off_intento5_180deg_2000_pulsos_Mu_2.20,TIEMPO_MAXIMO
4.72704567,62.9892504815555,81.201,1.0205,-0.001,-0.1936,3.094,1.935,0.518749482303664,0.614358528323995,-188,188,1901,167.080078125,127.08984375,255,0,61.9675783767912,188.667459458079,Giro_Off_intento5_180deg_2000_pulsos_Mu_2.20,TIEMPO_MAXIMO
4.774926656,64.1352504815555,82.347,0.9956,0.0127,-0.1726,3.099,1.931,0.508928043167003,0.588000907034747,-189,189,1901,167.080078125,127.08984375,255,0,62.2877966544829,188.945910134333,Giro_Off_intento5_180deg_2000_pulsos_Mu_2.20,TIEMPO_MAXIMO
4.823055791,65.3212504815555,83.533,1.0142,0.0156,-0.1699,3.104,1.916,0.499106604030343,0.565777331283646,-189,189,1901,167.080078125,127.08984375,255,0,62.5857916621808,189.205036227983,Giro_Off_intento5_180deg_2000_pulsos_Mu_2.20,TIEMPO_MAXIMO
4.870930836,66.3342504815555,84.546,0.9819,0.0181,-0.1812,3.113,1.911,0.481428013584356,0.544690001858824,-189,189,1901,167.080078125,127.08984375,255,0,62.8133221350667,189.402888813101,Giro_Off_intento5_180deg_2000_pulsos_Mu_2.20,TIEMPO_MAXIMO
4.918910911,67.0322504815555,85.244,1.0022,0,-0.1958,3.118,1.896,0.471606574447696,0.526419145006042,-190,190,1901,167.080078125,127.08984375,255,0,62.9555866823287,189.526597115068,Giro_Off_intento5_180deg_2000_pulsos_Mu_2.20,TIEMPO_MAXIMO
4.966951521,67.8932504815555,86.105,0.9534,0.0176,-0.1482,3.123,1.887,0.461785135311035,0.51026064258229,-190,190,1902,167.16796875,127.08984375,255,0,63.1147251307616,189.664978374575,Giro_Off_intento5_180deg_2000_pulsos_Mu_2.20,TIEMPO_MAXIMO
5.01514149,68.7992504815555,87.011,0.9966,0.0105,-0.2144,3.123,1.872,0.461785135311035,0.498141765764476,-191,191,1901,167.080078125,127.08984375,255,0,63.2626461908878,189.793605383381,Giro_Off_intento5_180deg_2000_pulsos_Mu_2.20,TIEMPO_MAXIMO
5.062966026,69.6112504815555,87.823,0.9883,0.0217,-0.2258,3.133,1.872,0.442142257037716,0.484141888582786,-190,190,1901,167.080078125,127.08984375,255,0,63.3781677161689,189.894058883625,Giro_Off_intento5_180deg_2000_pulsos_Mu_2.20,TIEMPO_MAXIMO
5.110891598,70.1642504815555,88.376,0.9932,0.0032,-0.2366,3.143,1.862,0.422499378764396,0.468731261128189,-190,190,1901,167.080078125,127.08984375,255,0,63.4476022577318,189.954436745854,Giro_Off_intento5_180deg_2000_pulsos_Mu_2.20,TIEMPO_MAXIMO
5.158849234,70.9922504815555,89.204,0.989,0.0105,-0.2551,3.167,1.862,0.375356470908428,0.445387563573249,-190,190,1902,167.16796875,127.08984375,255,0,63.537553258509,190.032655007399,Giro_Off_intento5_180deg_2000_pulsos_Mu_2.20,TIEMPO_MAXIMO
5.207186322,71.7482504815555,89.96,0.9524,0.0129,-0.2515,3.167,1.862,0.375356470908428,0.427879790407044,-190,190,1901,167.080078125,127.08984375,255,0,63.6049938319252,190.091298984283,Giro_Off_intento5_180deg_2000_pulsos_Mu_2.20,TIEMPO_MAXIMO
5.25497905,72.5072504815555,90.719,0.9814,0.0134,-0.2793,3.187,1.852,0.336070714361789,0.40492752139573,-190,190,1901,167.080078125,127.08984375,255,0,63.6585852611166,190.137900227058,Giro_Off_intento5_180deg_2000_pulsos_Mu_2.20,TIEMPO_MAXIMO
5.302927707,73.2122504815555,91.424,0.9644,0.0139,-0.2798,3.196,1.852,0.3183921239158,0.383293672025747,-190,190,1901,167.080078125,127.08984375,255,0,63.6956846085078,190.170160529137,Giro_Off_intento5_180deg_2000_pulsos_Mu_2.20,TIEMPO_MAXIMO
5.350952548,73.8402504815555,92.052,0.9814,0.0083,-0.2878,3.211,1.848,0.288927806505821,0.359702205645766,-190,190,1901,167.080078125,127.08984375,255,0,63.7184434286862,190.189950807553,Giro_Off_intento5_180deg_2000_pulsos_Mu_2.20,TIEMPO_MAXIMO
5.398962536,74.5442504815555,92.756,0.9478,0.0186,-0.2842,3.226,1.843,0.259463489095841,0.334642526508285,-190,190,1901,167.080078125,127.08984375,255,0,63.7324279864522,190.202111292567,Giro_Off_intento5_180deg_2000_pulsos_Mu_2.20,TIEMPO_MAXIMO
5.447032094,75.2602504815555,93.472,0.9604,0.0183,-0.302,3.24,1.833,0.231963459513193,0.308972759759512,-190,190,1901,167.080078125,127.08984375,255,0,63.7341492251466,190.203608021867,Giro_Off_intento5_180deg_2000_pulsos_Mu_2.20,TIEMPO_MAXIMO
5.494798715,75.8382504815555,94.05,0.9502,0.0154,-0.3062,3.25,1.823,0.212320581239873,0.284809715129602,-190,190,1902,167.16796875,127.08984375,255,0,63.7263418278499,190.196818980739,Giro_Off_intento5_180deg_2000_pulsos_Mu_2.20,TIEMPO_MAXIMO
5.542837542,76.1882504815555,94.4,0.9844,0.019,-0.3584,3.27,1.818,0.173034824693233,0.25686599252051,-190,190,1901,167.080078125,127.08984375,255,0,63.7176205918476,190.189235297259,Giro_Off_intento5_180deg_2000_pulsos_Mu_2.20,TIEMPO_MAXIMO
5.590839328,76.3842504815555,94.596,0.9163,0.0569,-0.3389,3.299,1.784,0.116070477700606,0.221667113815534,-191,191,1902,167.16796875,127.08984375,255,0,63.7114210239739,190.183844368673,Giro_Off_intento5_180deg_2000_pulsos_Mu_2.20,TIEMPO_MAXIMO
5.639030925,76.3622504815555,94.574,0.8574,0.0227,-0.3076,3.358,1.72,0.000177495888018218,0.166294709333655,-190,190,1902,167.16796875,127.08984375,255,0,63.7121639530324,190.184490393941,Giro_Off_intento5_180deg_2000_pulsos_Mu_2.20,TIEMPO_MAXIMO
5.68690344,76.4202504815555,94.632,0.8665,-0.0049,-0.4399,3.358,1.667,0.000177495888018218,0.124765405972246,-190,190,1901,167.080078125,127.08984375,255,0,63.7101796540358,190.182764916553,Giro_Off_intento5_180deg_2000_pulsos_Mu_2.20,TIEMPO_MAXIMO
5.73479292,76.3802504815555,94.592,0.9243,0.0601,-0.3894,3.358,1.652,0.000177495888018218,0.0936184284511889,-190,190,1901,167.080078125,127.08984375,255,0,63.7115569870875,190.183962597467,Giro_Off_intento5_180deg_2000_pulsos_Mu_2.20,TIEMPO_MAXIMO
5.78311215,76.7622504815555,94.974,0.9106,0.0146,-0.4441,3.353,1.647,0.00999893502467795,0.0727135550945611,-190,190,1901,167.080078125,127.08984375,255,0,63.6967975418389,190.171128297251,Giro_Off_intento5_180deg_2000_pulsos_Mu_2.20,TIEMPO_MAXIMO
5.83089526,77.3272504815555,95.539,0.8406,0.0239,-0.459,3.353,1.647,0.00999893502467795,0.0570349000770903,-190,190,1901,167.080078125,127.08984375,255,0,63.6683914618884,190.146427358164,Giro_Off_intento5_180deg_2000_pulsos_Mu_2.20,TIEMPO_MAXIMO
5.878852503,78.4312504815555,96.643,0.9041,0.0322,-0.562,3.353,1.642,0.00999893502467795,0.0452759088139872,-190,190,1901,167.080078125,127.08984375,255,0,63.5902510873494,190.078479206391,Giro_Off_intento5_180deg_2000_pulsos_Mu_2.20,TIEMPO_MAXIMO
5.926901414,79.6692504815555,97.881,0.8733,0.022,-0.4866,3.363,1.652,-0.00964394324864151,0.0315459457983301,-190,190,1901,167.080078125,127.08984375,255,0,63.4670402797368,189.971339373684,Giro_Off_intento5_180deg_2000_pulsos_Mu_2.20,TIEMPO_MAXIMO
5.974815571,80.6452504815555,98.857,0.7712,-0.002,-0.4077,3.358,1.647,0.000177495888018218,0.0237038333207521,-190,190,1901,167.080078125,127.08984375,255,0,63.3434191577436,189.863842745864,Giro_Off_intento5_180deg_2000_pulsos_Mu_2.20,TIEMPO_MAXIMO
6.022924369,81.8242504815555,100.036,0.8376,0.0225,-0.5046,3.358,1.647,0.000177495888018218,0.0178222489625686,-190,190,1900,166.9921875,127.08984375,255,0,63.162999322849,189.706955932912,Giro_Off_intento5_180deg_2000_pulsos_Mu_2.20,TIEMPO_MAXIMO
6.070978161,83.0202504815555,101.232,0.8274,0.0181,-0.5356,3.363,1.657,-0.00964394324864151,0.0109557009097661,-189,189,1898,166.81640625,127.08984375,255,0,62.9452985165028,189.517650883915,Giro_Off_intento5_180deg_2000_pulsos_Mu_2.20,TIEMPO_MAXIMO
6.11886669,84.1922504815555,102.404,0.8105,0.0222,-0.5593,3.368,1.652,-0.0194653823853012,0.00335043008599926,-190,190,1897,166.728515625,127.08984375,255,0,62.6981738084627,189.302759833446,Giro_Off_intento5_180deg_2000_pulsos_Mu_2.20,TIEMPO_MAXIMO
6.16678213,85.175250481555,103.387,0.8252,0.0247,-0.5034,3.363,1.647,-0.00964394324864151,0.000101836752339065,-187,187,1891,166.201171875,127.08984375,255,0,62.4651830700551,189.100159191352,Giro_Off_intento5_180deg_2000_pulsos_Mu_2.20,TIEMPO_MAXIMO
6.214844321,86.207250481555,104.419,0.7834,0.0679,-0.5442,3.363,1.652,-0.00964394324864151,-0.00233460824790608,-189,189,1886,165.76171875,127.08984375,255,0,62.195411840599,188.865575513564,Giro_Off_intento5_180deg_2000_pulsos_Mu_2.20,TIEMPO_MAXIMO
6.262920846,87.150250481555,105.362,0.8547,0.0032,-0.5173,3.358,1.647,0.000177495888018218,-0.00170658221392501,-196,196,1874,164.70703125,127.08984375,255,0,61.9264391688781,188.631686233807,Giro_Off_intento5_180deg_2000_pulsos_Mu_2.20,TIEMPO_MAXIMO
6.310903079,88.205250481555,106.417,0.7466,-0.0073,-0.5334,3.363,1.652,-0.00964394324864151,-0.00369092247260413,-186,186,1860,163.4765625,127.08984375,255,0,61.6001855131562,188.347987402745,Giro_Off_intento5_180deg_2000_pulsos_Mu_2.20,TIEMPO_MAXIMO
6.35893356,89.537250481555,107.749,0.8398,0.001,-0.6296,3.363,1.647,-0.00964394324864151,-0.00517917766661348,-187,187,1848,162.421875,127.08984375,255,0,61.1502235992824,187.956716173289,Giro_Off_intento5_180deg_2000_pulsos_Mu_2.20,TIEMPO_MAXIMO
6.406787491,90.988250481555,109.2,0.7998,0.0371,-0.5283,3.358,1.647,0.000177495888018218,-0.00384000927795555,-190,190,1834,161.19140625,127.08984375,255,0,60.6120076547097,187.488702308443,Giro_Off_intento5_180deg_2000_pulsos_Mu_2.20,TIEMPO_MAXIMO
6.454767976,92.252250481555,110.464,0.8088,0.0071,-0.6638,3.358,1.647,0.000177495888018218,-0.00283563298646211,-193,193,1823,160.224609375,127.08984375,255,0,60.1025776683793,187.045719711634,Giro_Off_intento5_180deg_2000_pulsos_Mu_2.20,TIEMPO_MAXIMO
6.50282147,93.787250481555,111.999,0.8433,0.0076,-0.6616,3.358,1.652,0.000177495888018218,-0.00208235076784203,-186,186,1814,159.43359375,127.08984375,255,0,59.4334987373087,186.463911945486,Giro_Off_intento5_180deg_2000_pulsos_Mu_2.20,TIEMPO_MAXIMO
6.550694247,95.201250481555,113.413,0.738,0.0085,-0.5386,3.358,1.647,0.000177495888018218,-0.00151738910387697,-181,181,1803,158.466796875,127.08984375,255,0,58.7686089256216,185.885746891845,Giro_Off_intento5_180deg_2000_pulsos_Mu_2.20,TIEMPO_MAXIMO
6.598719795,95.935250481555,114.147,0.7441,-0.0471,-0.5098,3.358,1.647,0.000177495888018218,-0.00109366785590317,-186,186,1778,156.26953125,127.08984375,255,0,58.4052476341356,185.569780551422,Giro_Off_intento5_180deg_2000_pulsos_Mu_2.20,TIEMPO_MAXIMO
6.646712964,96.616250481555,114.828,0.842,-0.0833,-0.6536,3.363,1.652,-0.00964394324864151,-0.00323123670408776,-184,184,1751,153.896484375,127.08984375,255,0,58.0570554390963,185.267004729649,Giro_Off_intento5_180deg_2000_pulsos_Mu_2.20,TIEMPO_MAXIMO
6.694723556,98.216250481555,116.428,0.7612,-0.1501,-0.9358,3.363,1.652,-0.00964394324864151,-0.0048344133402262,-185,185,1749,153.720703125,127.08984375,255,0,57.1973515144792,184.519436099547,Giro_Off_intento5_180deg_2000_pulsos_Mu_2.20,TIEMPO_MAXIMO
6.742924512,100.363250481555,118.575,0.6824,0.0623,-0.7493,3.372,1.647,-0.0273225336946292,-0.0104564434288269,-185,185,1749,153.720703125,127.08984375,255,0,55.9529554079341,183.437352528638,Giro_Off_intento5_180deg_2000_pulsos_Mu_2.20,TIEMPO_MAXIMO
6.7911577,100.873250481555,119.085,0.7312,-0.0525,-0.4434,3.353,1.642,0.00999893502467795,-0.00534259881545072,-183,183,1749,153.720703125,127.08984375,255,0,55.6422374044076,183.167162960354,Giro_Off_intento5_180deg_2000_pulsos_Mu_2.20,TIEMPO_MAXIMO
6.838790396,100.867250481555,119.079,0.8552,0.092,-0.4785,3.363,1.652,-0.00964394324864151,-0.00641793492374842,-183,183,1749,153.720703125,127.08984375,255,0,55.6459264164937,183.170370796951,Giro_Off_intento5_180deg_2000_pulsos_Mu_2.20,TIEMPO_MAXIMO
6.886667921,100.664250481555,118.876,0.7454,0.0439,-0.8437,3.358,1.647,0.000177495888018218,-0.00476907722080676,-183,183,1749,153.720703125,127.08984375,255,0,55.7702682935862,183.278494168336,Giro_Off_intento5_180deg_2000_pulsos_Mu_2.20,TIEMPO_MAXIMO
6.934781601,100.415250481555,118.627,0.7493,0.0613,-0.6709,3.353,1.647,0.00999893502467795,-0.00107707415943558,-183,183,1749,153.720703125,127.08984375,255,0,55.9215385728936,183.410033541647,Giro_Off_intento5_180deg_2000_pulsos_Mu_2.20,TIEMPO_MAXIMO
6.982826406,100.758250481555,118.97,0.8728,0.053,-0.7197,3.363,1.647,-0.00964394324864151,-0.00321879143173707,-183,183,1749,153.720703125,127.08984375,255,0,55.712804734281,183.228525855896,Giro_Off_intento5_180deg_2000_pulsos_Mu_2.20,TIEMPO_MAXIMO
7.030728085,101.055250481555,119.267,0.8718,0.0168,-0.592,3.358,1.647,0.000177495888018218,-0.00236971960179825,-183,183,1749,153.720703125,127.08984375,255,0,55.5299589920541,183.069529558308,Giro_Off_intento5_180deg_2000_pulsos_Mu_2.20,TIEMPO_MAXIMO
7.078730101,101.468250481555,119.68,0.8796,0.0068,-0.5723,3.368,1.652,-0.0194653823853012,-0.00664363529767399,-183,183,1749,153.720703125,127.08984375,255,0,55.2724605356674,182.845617857102,Giro_Off_intento5_180deg_2000_pulsos_Mu_2.20,TIEMPO_MAXIMO
7.126952723,102.135250481555,120.347,0.8308,0.1279,-0.886,3.358,1.647,0.000177495888018218,-0.00493835250125094,-182,182,1749,153.720703125,127.08984375,255,0,54.8486737886783,182.477107642329,Giro_Off_intento5_180deg_2000_pulsos_Mu_2.20,TIEMPO_MAXIMO
7.174778943,102.940250481555,121.152,0.7844,-0.0244,-0.5723,3.358,1.637,0.000177495888018218,-0.00365939040393365,-182,182,1749,153.720703125,127.08984375,255,0,54.3242453143665,182.021082882058,Giro_Off_intento5_180deg_2000_pulsos_Mu_2.20,TIEMPO_MAXIMO
7.222795492,103.440250481555,121.652,0.8291,-0.0569,-0.5461,3.368,1.647,-0.0194653823853012,-0.00761088839927555,-182,182,1749,153.720703125,127.08984375,255,0,53.9914184554528,181.731668222133,Giro_Off_intento5_180deg_2000_pulsos_Mu_2.20,TIEMPO_MAXIMO
7.270793675,104.069250481555,122.281,0.9258,-0.0327,-0.4602,3.363,1.652,-0.00964394324864151,-0.00811915211161704,-181,181,1749,153.720703125,127.08984375,255,0,53.5650469738888,181.360910412077,Giro_Off_intento5_180deg_2000_pulsos_Mu_2.20,TIEMPO_MAXIMO
7.334831452,104.018250481555,122.23,0.5552,-0.0854,-0.5266,3.353,1.642,0.00999893502467795,-0.00358963032754329,-181,181,1749,153.720703125,127.08984375,255,0,53.5999351476778,181.391247954502,Giro_Off_intento5_180deg_2000_pulsos_Mu_2.20,TIEMPO_MAXIMO
7.382777872,104.555250481555,122.767,0.5569,-0.0417,-0.6772,3.358,1.652,0.000177495888018218,-0.00264784877365292,-181,181,1749,153.720703125,127.08984375,255,0,53.2297822126359,181.069375837075,Giro_Off_intento5_180deg_2000_pulsos_Mu_2.20,TIEMPO_MAXIMO
7.430745387,104.910250481555,123.122,0.8582,0.0591,-0.8267,3.368,1.652,-0.0194653823853012,-0.006852232176565,-181,181,1749,153.720703125,127.08984375,255,0,52.9816922805869,180.85364546138,Giro_Off_intento5_180deg_2000_pulsos_Mu_2.20,TIEMPO_MAXIMO
7.478852841,104.909250481555,123.121,0.7061,-0.0073,-0.689,3.363,1.647,-0.00964394324864151,-0.00755015994458413,-181,181,1749,153.720703125,127.08984375,255,0,52.9823949031721,180.854256437541,Giro_Off_intento5_180deg_2000_pulsos_Mu_2.20,TIEMPO_MAXIMO
7.526874681,105.644250481555,123.856,0.949,-0.1184,-0.8176,3.363,1.647,-0.00964394324864151,-0.00807360577059847,-180,180,1749,153.720703125,127.08984375,255,0,52.4602311604908,180.400201009122,Giro_Off_intento5_180deg_2000_pulsos_Mu_2.20,TIEMPO_MAXIMO
7.575136635,106.466250481555,124.678,0.8599,0.116,-0.7075,3.358,1.642,0.000177495888018218,-0.0060108303559443,-180,180,1749,153.720703125,127.08984375,255,0,51.8627244661561,179.88062997057,Giro_Off_intento5_180deg_2000_pulsos_Mu_2.20,TIEMPO_MAXIMO
7.622896294,107.561250481555,125.773,0.5005,-0.1018,-0.5569,3.372,1.647,-0.0273225336946292,-0.0113387561906155,-180,180,1749,153.720703125,127.08984375,255,0,51.0447813688434,179.169375103342,Giro_Off_intento5_180deg_2000_pulsos_Mu_2.20,TIEMPO_MAXIMO
7.670748209,107.386250481555,125.598,0.7432,-0.0542,-0.5444,3.363,1.647,-0.00964394324864151,-0.010915052955122,-179,179,1749,153.720703125,127.08984375,255,0,51.1771792545102,179.284503699574,Giro_Off_intento5_180deg_2000_pulsos_Mu_2.20,TIEMPO_MAXIMO
7.71886013,107.217250481555,125.429,0.7375,0.0464,-0.4766,3.358,1.647,0.000177495888018218,-0.00814191574433696,-179,179,1749,153.720703125,127.08984375,255,0,51.3044341149591,179.395160099964,Giro_Off_intento5_180deg_2000_pulsos_Mu_2.20,TIEMPO_MAXIMO
7.766903036,108.024250481555,126.236,0.606,-0.0542,-0.8499,3.368,1.642,-0.0194653823853012,-0.010972782404578,-179,179,1749,153.720703125,127.08984375,255,0,50.6914362714563,178.862118496919,Giro_Off_intento5_180deg_2000_pulsos_Mu_2.20,TIEMPO_MAXIMO
7.814625542,108.412250481555,126.624,0.8201,-0.0869,-0.7419,3.363,1.647,-0.00964394324864151,-0.0106405726155939,-179,179,1749,153.720703125,127.08984375,255,0,50.3919233146273,178.601672447502,Giro_Off_intento5_180deg_2000_pulsos_Mu_2.20,TIEMPO_MAXIMO
7.862759888,108.712250481555,126.924,0.7078,0.0403,-0.697,3.358,1.642,0.000177495888018218,-0.00793605548969087,-179,179,1749,153.720703125,127.08984375,255,0,50.1582218552859,178.398453787205,Giro_Off_intento5_180deg_2000_pulsos_Mu_2.20,TIEMPO_MAXIMO
7.911214298,109.072250481555,127.284,0.917,-0.1208,-0.5835,3.353,1.642,0.00999893502467795,-0.00345230786109867,-178,178,1749,153.720703125,127.08984375,255,0,49.8753503183701,178.152478537713,Giro_Off_intento5_180deg_2000_pulsos_Mu_2.20,TIEMPO_MAXIMO
7.958703859,109.475250481555,127.687,0.7222,-0.1646,-0.6287,3.368,1.652,-0.0194653823853012,-0.00745557649214931,-178,178,1749,153.720703125,127.08984375,255,0,49.5555598992868,177.874399912423,Giro_Off_intento5_180deg_2000_pulsos_Mu_2.20,TIEMPO_MAXIMO
8.006704362,109.496250481555,127.708,0.6663,0.0354,-0.6672,3.363,1.652,-0.00964394324864151,-0.00800266818127236,-178,178,1749,153.720703125,127.08984375,255,0,49.5388054852581,177.859830856746,Giro_Off_intento5_180deg_2000_pulsos_Mu_2.20,TIEMPO_MAXIMO
8.055052439,109.384250481555,127.596,0.9331,0.0046,-0.6221,3.368,1.652,-0.0194653823853012,-0.0108683467322796,-178,178,1749,153.720703125,127.08984375,255,0,49.6280590149886,177.937442621729,Giro_Off_intento5_180deg_2000_pulsos_Mu_2.20,TIEMPO_MAXIMO
8.102689404,109.907250481555,128.119,0.698,-0.0918,-0.7295,3.363,1.652,-0.00964394324864151,-0.0105622458613701,-178,178,1749,153.720703125,127.08984375,255,0,49.2091010907077,177.573131383224,Giro_Off_intento5_180deg_2000_pulsos_Mu_2.20,TIEMPO_MAXIMO
8.150740313,109.659250481555,127.871,0.6921,-0.0315,-0.8542,3.368,1.652,-0.0194653823853012,-0.0127880299923529,-178,178,1749,153.720703125,127.08984375,255,0,49.4084555398471,177.746483078128,Giro_Off_intento5_180deg_2000_pulsos_Mu_2.20,TIEMPO_MAXIMO
8.198746714,109.978250481555,128.19,0.6936,0.0588,-0.5752,3.372,1.647,-0.0273225336946292,-0.0164216559179219,-178,178,1749,153.720703125,127.08984375,255,0,49.1517992797623,177.523303721532,Giro_Off_intento5_180deg_2000_pulsos_Mu_2.20,TIEMPO_MAXIMO
8.246653386,109.978250481555,128.19,0.6458,-0.0854,-0.6257,3.363,1.647,-0.00964394324864151,-0.0147272277506018,-179,179,1749,153.720703125,127.08984375,255,0,49.1517992797623,177.523303721532,Giro_Off_intento5_180deg_2000_pulsos_Mu_2.20,TIEMPO_MAXIMO
8.294660016,109.774250481555,127.986,0.7229,0.0708,-0.4856,3.372,1.652,-0.0273225336946292,-0.0178760542366087,-178,178,1749,153.720703125,127.08984375,255,0,49.3161674288551,177.666232546831,Giro_Off_intento5_180deg_2000_pulsos_Mu_2.20,TIEMPO_MAXIMO
8.342877387,110.178250481555,128.39,0.6956,0.1328,-0.6865,3.368,1.647,-0.0194653823853012,-0.0182733862737818,-177,177,1749,153.720703125,127.08984375,255,0,48.9898399231299,177.382469498374,Giro_Off_intento5_180deg_2000_pulsos_Mu_2.20,TIEMPO_MAXIMO
8.390747314,110.838250481555,129.05,0.7644,-0.1228,-0.8623,3.363,1.642,-0.00964394324864151,-0.0161160255174967,-177,177,1749,153.720703125,127.08984375,255,0,48.4496800074168,176.912765223841,Giro_Off_intento5_180deg_2000_pulsos_Mu_2.20,TIEMPO_MAXIMO
8.438694965,111.040250481555,129.252,0.8,0.0964,-0.6931,3.363,1.647,-0.00964394324864151,-0.0144980049502829,-177,177,1749,153.720703125,127.08984375,255,0,48.2826192461267,176.767494996632,Giro_Off_intento5_180deg_2000_pulsos_Mu_2.20,TIEMPO_MAXIMO
8.486645791,111.477250481555,129.689,0.6851,0.0166,-0.71,3.358,1.647,0.000177495888018218,-0.0108291297407076,-177,177,1749,153.720703125,127.08984375,255,0,47.9184318468416,176.450810301601,Giro_Off_intento5_180deg_2000_pulsos_Mu_2.20,TIEMPO_MAXIMO
8.53462375,111.274250481555,129.486,0.8081,-0.0608,-0.5234,3.368,1.652,-0.0194653823853012,-0.012988192901856,-177,177,1749,153.720703125,127.08984375,255,0,48.0880791163899,176.598329666426,Giro_Off_intento5_180deg_2000_pulsos_Mu_2.20,TIEMPO_MAXIMO
8.59866977,111.306250481555,129.518,0.6511,0.0281,-0.6565,3.358,1.647,0.000177495888018218,-0.00969677070438748,-177,177,1749,153.720703125,127.08984375,255,0,48.0613908817381,176.575122505859,Giro_Off_intento5_180deg_2000_pulsos_Mu_2.20,TIEMPO_MAXIMO
8.646688897,111.278250481555,129.49,1.042,0.0784,-0.8662,3.372,1.652,-0.0273225336946292,-0.0141032114519479,-177,177,1749,153.720703125,127.08984375,255,0,48.0847441971977,176.595429736694,Giro_Off_intento5_180deg_2000_pulsos_Mu_2.20,TIEMPO_MAXIMO
8.694754627,111.343250481555,129.555,0.759,0.0681,-0.5891,3.368,1.647,-0.0194653823853012,-0.0154437541852862,-177,177,1749,153.720703125,127.08984375,255,0,48.030507312223,176.54826722802,Giro_Off_intento5_180deg_2000_pulsos_Mu_2.20,TIEMPO_MAXIMO
8.742660136,110.896250481555,129.108,0.8596,0.1204,-0.5732,3.368,1.652,-0.0194653823853012,-0.01644916123529,-176,176,1749,153.720703125,127.08984375,255,0,48.4017952323644,176.871126289013,Giro_Off_intento5_180deg_2000_pulsos_Mu_2.20,TIEMPO_MAXIMO
8.790900991,111.139250481555,129.351,0.655,-0.0798,-0.7034,3.358,1.647,0.000177495888018218,-0.0122924969544629,-177,177,1749,153.720703125,127.08984375,255,0,48.2004465086881,176.696040442337,Giro_Off_intento5_180deg_2000_pulsos_Mu_2.20,TIEMPO_MAXIMO
8.838941659,110.928250481555,129.14,0.8015,0.075,-0.5007,3.358,1.647,0.000177495888018218,-0.00917499874384265,-177,177,1749,153.720703125,127.08984375,255,0,48.375347354552,176.848128134393,Giro_Off_intento5_180deg_2000_pulsos_Mu_2.20,TIEMPO_MAXIMO
8.886668033,111.034250481555,129.246,0.6077,-0.0715,-0.6086,3.368,1.652,-0.0194653823853012,-0.0117475946542073,-177,177,1749,153.720703125,127.08984375,255,0,48.2875931503393,176.77182013073,Giro_Off_intento5_180deg_2000_pulsos_Mu_2.20,TIEMPO_MAXIMO
8.934603214,111.664250481555,129.876,0.7671,-0.2466,-0.8215,3.368,1.652,-0.0194653823853012,-0.0136770415869808,-176,176,1749,153.720703125,127.08984375,255,0,47.7614346359536,176.314290987786,Giro_Off_intento5_180deg_2000_pulsos_Mu_2.20,TIEMPO_MAXIMO
8.982720865,111.589250481555,129.801,0.9285,0.053,-0.8525,3.368,1.647,-0.0194653823853012,-0.0151241267865609,-176,176,1749,153.720703125,127.08984375,255,0,47.8244843809992,176.369116853043,Giro_Off_intento5_180deg_2000_pulsos_Mu_2.20,TIEMPO_MAXIMO
9.030841022,111.670250481555,129.882,0.9097,-0.0591,-0.6914,3.368,1.647,-0.0194653823853012,-0.016209440686246,-176,176,1749,153.720703125,127.08984375,255,0,47.7563858611451,176.309900748822,Giro_Off_intento5_180deg_2000_pulsos_Mu_2.20,TIEMPO_MAXIMO
9.078703313,111.660250481555,129.872,0.7844,-0.0161,-0.7024,3.372,1.647,-0.0273225336946292,-0.0189877139383418,-176,176,1749,153.720703125,127.08984375,255,0,47.7648000912802,176.317217470678,Giro_Off_intento5_180deg_2000_pulsos_Mu_2.20,TIEMPO_MAXIMO
9.126748312,111.592250481555,129.804,0.7097,-0.1589,-0.7568,3.368,1.642,-0.0194653823853012,-0.0191071310500817,-176,176,1749,153.720703125,127.08984375,255,0,47.8219645231186,176.366925672277,Giro_Off_intento5_180deg_2000_pulsos_Mu_2.20,TIEMPO_MAXIMO
9.17460038,111.718250481555,129.93,0.7573,-0.1924,-0.7234,3.372,1.652,-0.0273225336946292,-0.0211609817112185,-176,176,1749,153.720703125,127.08984375,255,0,47.7159701025326,176.274756610898,Giro_Off_intento5_180deg_2000_pulsos_Mu_2.20,TIEMPO_MAXIMO
9.222779362,111.650250481555,129.862,0.718,0.0242,-0.74,3.358,1.642,0.000177495888018218,-0.0158263623114094,-176,176,1749,153.720703125,127.08984375,255,0,47.7732123485667,176.324532477015,Giro_Off_intento5_180deg_2000_pulsos_Mu_2.20,TIEMPO_MAXIMO
9.270679254,112.144250481555,130.356,0.6621,-0.2417,-0.9731,3.368,1.647,-0.0194653823853012,-0.0167361173298823,-177,177,1749,153.720703125,127.08984375,255,0,47.3552931920631,175.961124514837,Giro_Off_intento5_180deg_2000_pulsos_Mu_2.20,TIEMPO_MAXIMO
9.31862893,111.790250481555,130.002,0.8933,-0.0642,-0.5361,3.372,1.652,-0.0273225336946292,-0.019382721421069,-176,176,1749,153.720703125,127.08984375,255,0,47.6552613106887,176.221966357121,Giro_Off_intento5_180deg_2000_pulsos_Mu_2.20,TIEMPO_MAXIMO
9.366842579,111.911250481555,130.123,0.6726,0.0854,-0.8247,3.368,1.657,-0.0194653823853012,-0.0194033866621271,-176,176,1749,153.720703125,127.08984375,255,0,47.5530068923196,176.133049471582,Giro_Off_intento5_180deg_2000_pulsos_Mu_2.20,TIEMPO_MAXIMO
9.414622471,112.138250481555,130.35,0.9309,-0.0959,-0.6755,3.363,1.642,-0.00964394324864151,-0.0169635258087557,-176,176,1749,153.720703125,127.08984375,255,0,47.3603978961756,175.965563387979,Giro_Off_intento5_180deg_2000_pulsos_Mu_2.20,TIEMPO_MAXIMO
9.462650616,112.613250481555,130.825,0.4807,-0.1794,-0.6184,3.363,1.647,-0.00964394324864151,-0.0151336301687272,-176,176,1749,153.720703125,127.08984375,255,0,46.9540963428703,175.612257689452,Giro_Off_intento5_180deg_2000_pulsos_Mu_2.20,TIEMPO_MAXIMO
9.510899299,112.388250481555,130.6,0.6489,-0.0896,-0.5366,3.363,1.642,-0.00964394324864151,-0.0137612084387057,-176,176,1749,153.720703125,127.08984375,255,0,47.1471046053309,175.780090961157,Giro_Off_intento5_180deg_2000_pulsos_Mu_2.20,TIEMPO_MAXIMO
9.558571037,111.545250481555,129.757,0.8394,-0.0613,-0.3997,3.363,1.642,-0.00964394324864151,-0.0127318921411897,-176,176,1749,153.720703125,127.08984375,255,0,47.8614218749117,176.401236412967,Giro_Off_intento5_180deg_2000_pulsos_Mu_2.20,TIEMPO_MAXIMO
9.606692926,111.255250481555,129.467,0.6477,-0.0181,-0.7131,3.363,1.647,-0.00964394324864151,-0.0119599049180526,-177,177,1749,153.720703125,127.08984375,255,0,48.1039156500844,176.612100565291,Giro_Off_intento5_180deg_2000_pulsos_Mu_2.20,TIEMPO_MAXIMO
9.65464576,111.860250481555,130.072,0.7141,-0.0566,-0.5439,3.358,1.647,0.000177495888018218,-0.00892555471653493,-176,176,1749,153.720703125,127.08984375,255,0,47.5961409885937,176.170557381386,Giro_Off_intento5_180deg_2000_pulsos_Mu_2.20,TIEMPO_MAXIMO
9.702487205,111.292250481555,129.504,0.7749,0.043,-0.5703,3.363,1.652,-0.00964394324864151,-0.00910515184956157,-176,176,1749,153.720703125,127.08984375,255,0,48.0730694820621,176.585277810489,Giro_Off_intento5_180deg_2000_pulsos_Mu_2.20,TIEMPO_MAXIMO
9.750536126,111.467250481555,129.679,0.6108,-0.1321,-0.6638,3.368,1.652,-0.0194653823853012,-0.0116952094834965,-177,177,1749,153.720703125,127.08984375,255,0,47.9268079558066,176.458093874614,Giro_Off_intento5_180deg_2000_pulsos_Mu_2.20,TIEMPO_MAXIMO
9.79860764,111.176250481555,129.388,0.7397,-0.0313,-0.5649,3.363,1.657,-0.00964394324864151,-0.0111823929247827,-177,177,1749,153.720703125,127.08984375,255,0,48.1696855016933,176.669291740603,Giro_Off_intento5_180deg_2000_pulsos_Mu_2.20,TIEMPO_MAXIMO
9.84663939,111.215250481555,129.427,0.4863,-0.2261,-0.7839,3.368,1.647,-0.0194653823853012,-0.0132531402899124,-177,177,1749,153.720703125,127.08984375,255,0,48.1372323174157,176.641071580361,Giro_Off_intento5_180deg_2000_pulsos_Mu_2.20,TIEMPO_MAXIMO
9.8946536,111.006250481555,129.218,0.741,0.147,-0.7463,3.372,1.652,-0.0273225336946292,-0.0167704886410916,-178,178,1749,153.720703125,127.08984375,255,0,48.3107952358871,176.791995857293,Giro_Off_intento5_180deg_2000_pulsos_Mu_2.20,TIEMPO_MAXIMO
9.942592366,110.707250481555,128.919,0.696,-0.0884,-0.6597,3.368,1.647,-0.0194653823853012,-0.017444212077144,-177,177,1749,153.720703125,127.08984375,255,0,48.5575866639596,177.006597099095,Giro_Off_intento5_180deg_2000_pulsos_Mu_2.20,TIEMPO_MAXIMO
9.990548475,110.538250481555,128.75,0.7217,-0.1152,-0.446,3.363,1.642,-0.00964394324864151,-0.0154941448700184,-177,177,1749,153.720703125,127.08984375,255,0,48.696288168844,177.127207103343,Giro_Off_intento5_180deg_2000_pulsos_Mu_2.20,TIEMPO_MAXIMO
10.038548725,110.933250481555,129.145,0.6001,-0.0059,-0.7468,3.368,1.652,-0.0194653823853012,-0.0164869542488391,-177,177,1749,153.720703125,127.08984375,255,0,48.3712130313457,176.844533070735,Giro_Off_intento5_180deg_2000_pulsos_Mu_2.20,TIEMPO_MAXIMO
10.086655728,111.419250481555,129.631,0.6838,0.0007,-0.7139,3.368,1.647,-0.0194653823853012,-0.0172315612829546,-176,176,1749,153.720703125,127.08984375,255,0,47.9669857435934,176.493031081386,Giro_Off_intento5_180deg_2000_pulsos_Mu_2.20,TIEMPO_MAXIMO
10.1345893,111.393250481555,129.605,0.8965,0.0095,-0.5552,3.363,1.652,-0.00964394324864151,-0.0153346567743764,-176,176,1749,153.720703125,127.08984375,255,0,47.9887296757238,176.511938848455,Giro_Off_intento5_180deg_2000_pulsos_Mu_2.20,TIEMPO_MAXIMO
10.182789371,111.508250481555,129.72,0.781,0.0391,-0.8303,3.358,1.647,0.000177495888018218,-0.0114566186087777,-178,178,1749,153.720703125,127.08984375,255,0,47.8924533429915,176.428220298253,Giro_Off_intento5_180deg_2000_pulsos_Mu_2.20,TIEMPO_MAXIMO
10.230730539,111.460250481555,129.672,0.6592,-0.1404,-0.5857,3.358,1.642,0.000177495888018218,-0.00854808998457873,-176,176,1749,153.720703125,127.08984375,255,0,47.9326700553161,176.463191352449,Giro_Off_intento5_180deg_2000_pulsos_Mu_2.20,TIEMPO_MAXIMO
10.278548983,111.360250481555,129.572,0.9773,0.0364,-0.5994,3.363,1.642,-0.00964394324864151,-0.00882205330059442,-177,177,1749,153.720703125,127.08984375,255,0,48.016308470763,176.535920409359,Giro_Off_intento5_180deg_2000_pulsos_Mu_2.20,TIEMPO_MAXIMO
10.326639557,111.746250481555,129.958,0.7876,0.1843,-0.7466,3.368,1.647,-0.0194653823853012,-0.0114828855717711,-177,177,1749,153.720703125,127.08984375,255,0,47.6923732662396,176.254237622817,Giro_Off_intento5_180deg_2000_pulsos_Mu_2.20,TIEMPO_MAXIMO
10.374808144,111.620250481555,129.832,0.7505,0.0906,-0.6147,3.372,1.652,-0.0273225336946292,-0.0154427976024856,-176,176,1749,153.720703125,127.08984375,255,0,47.7984372807722,176.346467200671,Giro_Off_intento5_180deg_2000_pulsos_Mu_2.20,TIEMPO_MAXIMO
10.42251168,111.705250481555,129.917,0.5652,-0.0623,-0.4966,3.358,1.637,0.000177495888018218,-0.0115377242298597,-176,176,1749,153.720703125,127.08984375,255,0,47.7269205231903,176.284278715818,Giro_Off_intento5_180deg_2000_pulsos_Mu_2.20,TIEMPO_MAXIMO
10.470503782,111.275250481555,129.487,0.7444,0.0872,-0.4954,3.363,1.647,-0.00964394324864151,-0.0110642789845551,-177,177,1749,153.720703125,127.08984375,255,0,48.0872454163317,176.597604709854,Giro_Off_intento5_180deg_2000_pulsos_Mu_2.20,TIEMPO_MAXIMO
10.518528282,110.844250481555,129.056,0.7141,0.0789,-0.5459,3.358,1.647,0.000177495888018218,-0.0082538352664118,-177,177,1749,153.720703125,127.08984375,255,0,48.4447295193505,176.908460451609,Giro_Off_intento5_180deg_2000_pulsos_Mu_2.20,TIEMPO_MAXIMO
10.566803186,110.672250481555,128.884,0.6057,0.0078,-0.4766,3.363,1.647,-0.00964394324864151,-0.00860136226196923,-177,177,1749,153.720703125,127.08984375,255,0,48.5863586972084,177.031616258442,Giro_Off_intento5_180deg_2000_pulsos_Mu_2.20,TIEMPO_MAXIMO
10.614484676,110.482250481555,128.694,0.5586,-0.0898,-0.5579,3.363,1.647,-0.00964394324864151,-0.0088620075086373,-177,177,1749,153.720703125,127.08984375,255,0,48.7421224130199,177.167062967843,Giro_Off_intento5_180deg_2000_pulsos_Mu_2.20,TIEMPO_MAXIMO
10.662569491,110.478250481555,128.69,0.76,-0.0159,-0.5952,3.358,1.647,0.000177495888018218,-0.00660213165947342,-177,177,1749,153.720703125,127.08984375,255,0,48.7453938849788,177.169907726069,Giro_Off_intento5_180deg_2000_pulsos_Mu_2.20,TIEMPO_MAXIMO
10.726615555,110.204250481555,128.416,0.6611,0.0481,-0.6763,3.358,1.647,0.000177495888018218,-0.00490722477260051,-177,177,1749,153.720703125,127.08984375,255,0,48.9687261060197,177.364109657408,Giro_Off_intento5_180deg_2000_pulsos_Mu_2.20,TIEMPO_MAXIMO
10.77459397,110.328250481555,128.54,0.8184,-0.0037,-0.8491,3.368,1.652,-0.0194653823853012,-0.00854676417577569,-176,176,1749,153.720703125,127.08984375,255,0,48.8678426294634,177.276384895186,Giro_Off_intento5_180deg_2000_pulsos_Mu_2.20,TIEMPO_MAXIMO
10.822685517,110.892250481555,129.104,0.5159,0.0676,-0.8093,3.358,1.642,0.000177495888018218,-0.00636569915982722,-177,177,1749,153.720703125,127.08984375,255,0,48.4050997828382,176.873999811164,Giro_Off_intento5_180deg_2000_pulsos_Mu_2.20,TIEMPO_MAXIMO
10.870409771,110.672250481555,128.884,0.7559,0.1118,-0.676,3.363,1.647,-0.00964394324864151,-0.00718526018203079,-177,177,1749,153.720703125,127.08984375,255,0,48.5863586972084,177.031616258442,Giro_Off_intento5_180deg_2000_pulsos_Mu_2.20,TIEMPO_MAXIMO
10.918443874,111.018250481555,129.23,0.5627,0.0002,-0.5891,3.358,1.642,0.000177495888018218,-0.00534457116451854,-177,177,1749,153.720703125,127.08984375,255,0,48.3008533945164,176.78335077784,Giro_Off_intento5_180deg_2000_pulsos_Mu_2.20,TIEMPO_MAXIMO
10.966567748,111.043250481555,129.255,0.6492,-0.0823,-0.8162,3.363,1.647,-0.00964394324864151,-0.00641941418554928,-177,177,1749,153.720703125,127.08984375,255,0,48.280132025553,176.765332196133,Giro_Off_intento5_180deg_2000_pulsos_Mu_2.20,TIEMPO_MAXIMO
11.014490067,111.123250481555,129.335,0.7917,0.0042,-0.9158,3.368,1.652,-0.0194653823853012,-0.00968090623548727,-177,177,1749,153.720703125,127.08984375,255,0,48.2137401453731,176.707600126411,Giro_Off_intento5_180deg_2000_pulsos_Mu_2.20,TIEMPO_MAXIMO
11.062445227,110.919250481555,129.131,0.7393,0.3342,-0.7124,3.358,1.647,0.000177495888018218,-0.0072163057046109,-177,177,1749,153.720703125,127.08984375,255,0,48.3827878816905,176.854598157992,Giro_Off_intento5_180deg_2000_pulsos_Mu_2.20,TIEMPO_MAXIMO
11.110501908,111.060250481555,129.272,0.6975,0.0598,-0.7253,3.363,1.647,-0.00964394324864151,-0.00782321509061855,-177,177,1749,153.720703125,127.08984375,255,0,48.2660343953063,176.753073387223,Giro_Off_intento5_180deg_2000_pulsos_Mu_2.20,TIEMPO_MAXIMO
11.158559507,110.865250481555,129.077,0.6338,-0.0747,-0.6738,3.368,1.652,-0.0194653823853012,-0.0107337569142892,-177,177,1749,153.720703125,127.08984375,255,0,48.4273971597308,176.893388834549,Giro_Off_intento5_180deg_2000_pulsos_Mu_2.20,TIEMPO_MAXIMO
11.206529806,111.711250481555,129.923,0.5364,-0.0139,-0.7048,3.372,1.652,-0.0273225336946292,-0.0148809511093742,-177,177,1749,153.720703125,127.08984375,255,0,47.7218668969085,176.279884258181,Giro_Off_intento5_180deg_2000_pulsos_Mu_2.20,TIEMPO_MAXIMO
11.254654801,111.685250481555,129.897,0.7095,0.2041,-0.5708,3.372,1.652,-0.0273225336946292,-0.017991346755688,-176,176,1749,153.720703125,127.08984375,255,0,47.7437608174119,176.298922449923,Giro_Off_intento5_180deg_2000_pulsos_Mu_2.20,TIEMPO_MAXIMO
11.302481873,112.492250481555,130.704,0.7031,0.0601,-0.7122,3.363,1.647,-0.00964394324864151,-0.0159044958789264,-176,176,1749,153.720703125,127.08984375,255,0,47.0580146649675,175.702621447798,Giro_Off_intento5_180deg_2000_pulsos_Mu_2.20,TIEMPO_MAXIMO
11.351246617,112.786250481555,130.998,0.8386,-0.1626,-0.5208,3.363,1.642,-0.00964394324864151,-0.0143393577213551,-176,176,1749,153.720703125,127.08984375,255,0,46.8050235880851,175.482629207031,Giro_Off_intento5_180deg_2000_pulsos_Mu_2.20,TIEMPO_MAXIMO
11.398603619,113.269250481555,131.481,0.5498,0.0378,-0.7166,3.368,1.652,-0.0194653823853012,-0.0156208638873417,-175,175,1749,153.720703125,127.08984375,255,0,46.3857514151087,175.11804470879,Giro_Off_intento5_180deg_2000_pulsos_Mu_2.20,TIEMPO_MAXIMO
11.446553858,112.850250481555,131.062,0.5488,0.1458,-0.3311,3.368,1.652,-0.0194653823853012,-0.0165819935118316,-175,175,1749,153.720703125,127.08984375,255,0,46.7497278098062,175.434545921571,Giro_Off_intento5_180deg_2000_pulsos_Mu_2.20,TIEMPO_MAXIMO
11.494455476,112.426250481555,130.638,0.6868,-0.1477,-0.3938,3.363,1.647,-0.00964394324864151,-0.0148474809460341,-176,176,1749,153.720703125,127.08984375,255,0,47.1145769998243,175.751806086804,Giro_Off_intento5_180deg_2000_pulsos_Mu_2.20,TIEMPO_MAXIMO
11.542374443,112.520250481555,130.732,0.6655,-0.0051,-0.7192,3.363,1.647,-0.00964394324864151,-0.0135465965216859,-176,176,1749,153.720703125,127.08984375,255,0,47.0339928392,175.681732903652,Giro_Off_intento5_180deg_2000_pulsos_Mu_2.20,TIEMPO_MAXIMO
11.590619583,112.493250481555,130.705,0.7847,0.0435,-0.6982,3.368,1.642,-0.0194653823853012,-0.0150262929875897,-176,176,1749,153.720703125,127.08984375,255,0,47.0571570060126,175.701875657402,Giro_Off_intento5_180deg_2000_pulsos_Mu_2.20,TIEMPO_MAXIMO
11.638965964,112.654250481555,130.866,0.7715,-0.0139,-0.6304,3.363,1.642,-0.00964394324864151,-0.0136807055528527,-175,175,1749,153.720703125,127.08984375,255,0,46.9188196280835,175.58158228529,Giro_Off_intento5_180deg_2000_pulsos_Mu_2.20,TIEMPO_MAXIMO
11.686396626,112.555250481555,130.767,0.9104,0.217,-0.6262,3.363,1.642,-0.00964394324864151,-0.0126715149767999,-176,176,1749,153.720703125,127.08984375,255,0,47.0039440524423,175.655603523863,Giro_Off_intento5_180deg_2000_pulsos_Mu_2.20,TIEMPO_MAXIMO
11.734441466,112.454250481555,130.666,1.0068,-0.1194,-0.6736,3.368,1.652,-0.0194653823853012,-0.0143699818289252,-176,176,1749,153.720703125,127.08984375,255,0,47.0905912435955,175.730948907474,Giro_Off_intento5_180deg_2000_pulsos_Mu_2.20,TIEMPO_MAXIMO
11.782645604,112.107250481555,130.319,0.833,-0.0715,-0.6997,3.368,1.652,-0.0194653823853012,-0.0156438319680192,-176,176,1749,153.720703125,127.08984375,255,0,47.3867609558799,175.988487787722,Giro_Off_intento5_180deg_2000_pulsos_Mu_2.20,TIEMPO_MAXIMO
11.830554309,111.948250481555,130.16,0.6411,-0.0469,-0.5232,3.368,1.652,-0.0194653823853012,-0.0165992195723397,-176,176,1749,153.720703125,127.08984375,255,0,47.5216815134553,176.1058100117,Giro_Off_intento5_180deg_2000_pulsos_Mu_2.20,TIEMPO_MAXIMO
11.878531446,111.965250481555,130.177,0.6951,-0.0083,-0.55,3.368,1.647,-0.0194653823853012,-0.0173157602755801,-176,176,1749,153.720703125,127.08984375,255,0,47.5072797496432,176.09328673882,Giro_Off_intento5_180deg_2000_pulsos_Mu_2.20,TIEMPO_MAXIMO
11.926590371,111.793250481555,130.005,0.8271,-0.0356,-0.4934,3.377,1.647,-0.0371439728312889,-0.0222728134145073,-176,176,1749,153.720703125,127.08984375,255,0,47.6527295613294,176.219764835939,Giro_Off_intento5_180deg_2000_pulsos_Mu_2.20,TIEMPO_MAXIMO
11.974570203,112.040250481555,130.252,0.7808,0.0286,-0.7078,3.363,1.642,-0.00964394324864151,-0.0191155958730409,-176,176,1749,153.720703125,127.08984375,255,0,47.4436747809367,176.03797807038,Giro_Off_intento5_180deg_2000_pulsos_Mu_2.20,TIEMPO_MAXIMO
12.022550624,112.632250481555,130.844,0.7234,-0.0369,-0.7158,3.363,1.647,-0.00964394324864151,-0.016747682716941,-176,176,1749,153.720703125,127.08984375,255,0,46.9377526675383,175.598045797859,Giro_Off_intento5_180deg_2000_pulsos_Mu_2.20,TIEMPO_MAXIMO